condition,in_dist_acc,ood_acc,mean_seq_len
DistilBERT · plain,0.9869804707060591,0.758,5.109943714821764
DistilBERT · digit_split,0.9924887330996495,0.8985,8.780237648530331
Pythia · native digit,0.7511266900350526,0.6015,2.4933083176985615
