tokenizer,R2_in,R2_ood
BERT,0.9698662363515923,-40.63503335098108
RoBERTa,0.9550882296665095,-44.667223675232165
GPT-2,0.95215226397792,-14.760285467904986
Pythia,0.8931836260265174,-25.88149419338496
T5,0.9712864334977537,-35.04253355821171
Qwen2.5,0.6698078558066787,-20.396880900331354
