model,original,mask_nums,digit_split
DistilBERT,0.7609861153339414,0.7521260031141453,0.7538282644040293
RoBERTa,0.8097199306783364,0.8104516836230938,0.7968032477862804
XLM-R,0.4781849190697503,0.5694202703722572,0.5430400529156775
